[
  {
    "name": "Application Start",
    "start": 1545543366166,
    "end": 1545543367351,
    "duration": 1185,
    "pid": 32008,
    "index": 0
  },
  {
    "name": "Load Plugin",
    "start": 1545543366170,
    "end": 1545543366176,
    "duration": 6,
    "pid": 32008,
    "index": 1
  },
  {
    "name": "Load Config",
    "start": 1545543366176,
    "end": 1545543366188,
    "duration": 12,
    "pid": 32008,
    "index": 2
  },
  {
    "name": "Require(0) config/config.default.js",
    "start": 1545543366177,
    "end": 1545543366177,
    "duration": 0,
    "pid": 32008,
    "index": 3
  },
  {
    "name": "Require(1) config/config.local.js",
    "start": 1545543366178,
    "end": 1545543366178,
    "duration": 0,
    "pid": 32008,
    "index": 4
  },
  {
    "name": "Require(2) node_modules/egg-session/config/config.default.js",
    "start": 1545543366178,
    "end": 1545543366178,
    "duration": 0,
    "pid": 32008,
    "index": 5
  },
  {
    "name": "Require(3) node_modules/egg-security/config/config.default.js",
    "start": 1545543366179,
    "end": 1545543366179,
    "duration": 0,
    "pid": 32008,
    "index": 6
  },
  {
    "name": "Require(4) node_modules/egg-jsonp/config/config.default.js",
    "start": 1545543366179,
    "end": 1545543366180,
    "duration": 1,
    "pid": 32008,
    "index": 7
  },
  {
    "name": "Require(5) node_modules/egg-onerror/config/config.default.js",
    "start": 1545543366180,
    "end": 1545543366180,
    "duration": 0,
    "pid": 32008,
    "index": 8
  },
  {
    "name": "Require(6) node_modules/egg-i18n/config/config.default.js",
    "start": 1545543366180,
    "end": 1545543366180,
    "duration": 0,
    "pid": 32008,
    "index": 9
  },
  {
    "name": "Require(7) node_modules/egg-watcher/config/config.default.js",
    "start": 1545543366181,
    "end": 1545543366181,
    "duration": 0,
    "pid": 32008,
    "index": 10
  },
  {
    "name": "Require(8) node_modules/egg-schedule/config/config.default.js",
    "start": 1545543366181,
    "end": 1545543366181,
    "duration": 0,
    "pid": 32008,
    "index": 11
  },
  {
    "name": "Require(9) node_modules/egg-multipart/config/config.default.js",
    "start": 1545543366181,
    "end": 1545543366181,
    "duration": 0,
    "pid": 32008,
    "index": 12
  },
  {
    "name": "Require(10) node_modules/egg-development/config/config.default.js",
    "start": 1545543366182,
    "end": 1545543366182,
    "duration": 0,
    "pid": 32008,
    "index": 13
  },
  {
    "name": "Require(11) node_modules/egg-logrotator/config/config.default.js",
    "start": 1545543366182,
    "end": 1545543366182,
    "duration": 0,
    "pid": 32008,
    "index": 14
  },
  {
    "name": "Require(12) node_modules/egg-static/config/config.default.js",
    "start": 1545543366182,
    "end": 1545543366182,
    "duration": 0,
    "pid": 32008,
    "index": 15
  },
  {
    "name": "Require(13) node_modules/egg-view/config/config.default.js",
    "start": 1545543366183,
    "end": 1545543366183,
    "duration": 0,
    "pid": 32008,
    "index": 16
  },
  {
    "name": "Require(14) node_modules/egg-mysql/config/config.default.js",
    "start": 1545543366183,
    "end": 1545543366183,
    "duration": 0,
    "pid": 32008,
    "index": 17
  },
  {
    "name": "Require(15) node_modules/egg-sequelize/config/config.default.js",
    "start": 1545543366183,
    "end": 1545543366184,
    "duration": 1,
    "pid": 32008,
    "index": 18
  },
  {
    "name": "Require(16) node_modules/egg-cors/config/config.default.js",
    "start": 1545543366184,
    "end": 1545543366184,
    "duration": 0,
    "pid": 32008,
    "index": 19
  },
  {
    "name": "Require(17) node_modules/egg/config/config.default.js",
    "start": 1545543366184,
    "end": 1545543366184,
    "duration": 0,
    "pid": 32008,
    "index": 20
  },
  {
    "name": "Require(18) config/config.default.js",
    "start": 1545543366186,
    "end": 1545543366186,
    "duration": 0,
    "pid": 32008,
    "index": 21
  },
  {
    "name": "Require(19) node_modules/egg-security/config/config.local.js",
    "start": 1545543366186,
    "end": 1545543366186,
    "duration": 0,
    "pid": 32008,
    "index": 22
  },
  {
    "name": "Require(20) node_modules/egg-watcher/config/config.local.js",
    "start": 1545543366186,
    "end": 1545543366186,
    "duration": 0,
    "pid": 32008,
    "index": 23
  },
  {
    "name": "Require(21) node_modules/egg-view/config/config.local.js",
    "start": 1545543366187,
    "end": 1545543366188,
    "duration": 1,
    "pid": 32008,
    "index": 24
  },
  {
    "name": "Require(22) node_modules/egg/config/config.local.js",
    "start": 1545543366188,
    "end": 1545543366188,
    "duration": 0,
    "pid": 32008,
    "index": 25
  },
  {
    "name": "Require(23) config/config.local.js",
    "start": 1545543366188,
    "end": 1545543366188,
    "duration": 0,
    "pid": 32008,
    "index": 26
  },
  {
    "name": "Load extend/application.js",
    "start": 1545543366190,
    "end": 1545543366197,
    "duration": 7,
    "pid": 32008,
    "index": 27
  },
  {
    "name": "Require(24) node_modules/egg-session/app/extend/application.js",
    "start": 1545543366190,
    "end": 1545543366190,
    "duration": 0,
    "pid": 32008,
    "index": 28
  },
  {
    "name": "Require(25) node_modules/egg-security/app/extend/application.js",
    "start": 1545543366190,
    "end": 1545543366191,
    "duration": 1,
    "pid": 32008,
    "index": 29
  },
  {
    "name": "Require(26) node_modules/egg-jsonp/app/extend/application.js",
    "start": 1545543366191,
    "end": 1545543366191,
    "duration": 0,
    "pid": 32008,
    "index": 30
  },
  {
    "name": "Require(27) node_modules/egg-logrotator/app/extend/application.js",
    "start": 1545543366192,
    "end": 1545543366195,
    "duration": 3,
    "pid": 32008,
    "index": 31
  },
  {
    "name": "Require(28) node_modules/egg-view/app/extend/application.js",
    "start": 1545543366196,
    "end": 1545543366196,
    "duration": 0,
    "pid": 32008,
    "index": 32
  },
  {
    "name": "Load extend/request.js",
    "start": 1545543366197,
    "end": 1545543366199,
    "duration": 2,
    "pid": 32008,
    "index": 33
  },
  {
    "name": "Require(29) node_modules/egg/app/extend/request.js",
    "start": 1545543366197,
    "end": 1545543366198,
    "duration": 1,
    "pid": 32008,
    "index": 34
  },
  {
    "name": "Load extend/response.js",
    "start": 1545543366199,
    "end": 1545543366200,
    "duration": 1,
    "pid": 32008,
    "index": 35
  },
  {
    "name": "Require(30) node_modules/egg/app/extend/response.js",
    "start": 1545543366199,
    "end": 1545543366200,
    "duration": 1,
    "pid": 32008,
    "index": 36
  },
  {
    "name": "Load extend/context.js",
    "start": 1545543366200,
    "end": 1545543366236,
    "duration": 36,
    "pid": 32008,
    "index": 37
  },
  {
    "name": "Require(31) node_modules/egg-security/app/extend/context.js",
    "start": 1545543366200,
    "end": 1545543366204,
    "duration": 4,
    "pid": 32008,
    "index": 38
  },
  {
    "name": "Require(32) node_modules/egg-jsonp/app/extend/context.js",
    "start": 1545543366204,
    "end": 1545543366205,
    "duration": 1,
    "pid": 32008,
    "index": 39
  },
  {
    "name": "Require(33) node_modules/egg-i18n/app/extend/context.js",
    "start": 1545543366205,
    "end": 1545543366205,
    "duration": 0,
    "pid": 32008,
    "index": 40
  },
  {
    "name": "Require(34) node_modules/egg-multipart/app/extend/context.js",
    "start": 1545543366205,
    "end": 1545543366234,
    "duration": 29,
    "pid": 32008,
    "index": 41
  },
  {
    "name": "Require(35) node_modules/egg-view/app/extend/context.js",
    "start": 1545543366234,
    "end": 1545543366234,
    "duration": 0,
    "pid": 32008,
    "index": 42
  },
  {
    "name": "Require(36) node_modules/egg-validate/app/extend/context.js",
    "start": 1545543366235,
    "end": 1545543366235,
    "duration": 0,
    "pid": 32008,
    "index": 43
  },
  {
    "name": "Require(37) node_modules/egg/app/extend/context.js",
    "start": 1545543366235,
    "end": 1545543366236,
    "duration": 1,
    "pid": 32008,
    "index": 44
  },
  {
    "name": "Load extend/helper.js",
    "start": 1545543366236,
    "end": 1545543366245,
    "duration": 9,
    "pid": 32008,
    "index": 45
  },
  {
    "name": "Require(38) node_modules/egg-security/app/extend/helper.js",
    "start": 1545543366236,
    "end": 1545543366244,
    "duration": 8,
    "pid": 32008,
    "index": 46
  },
  {
    "name": "Require(39) node_modules/egg/app/extend/helper.js",
    "start": 1545543366244,
    "end": 1545543366244,
    "duration": 0,
    "pid": 32008,
    "index": 47
  },
  {
    "name": "Load app.js",
    "start": 1545543366245,
    "end": 1545543366413,
    "duration": 168,
    "pid": 32008,
    "index": 48
  },
  {
    "name": "Require(40) node_modules/egg-session/app.js",
    "start": 1545543366245,
    "end": 1545543366245,
    "duration": 0,
    "pid": 32008,
    "index": 49
  },
  {
    "name": "Require(41) node_modules/egg-security/app.js",
    "start": 1545543366246,
    "end": 1545543366246,
    "duration": 0,
    "pid": 32008,
    "index": 50
  },
  {
    "name": "Require(42) node_modules/egg-onerror/app.js",
    "start": 1545543366246,
    "end": 1545543366251,
    "duration": 5,
    "pid": 32008,
    "index": 51
  },
  {
    "name": "Require(43) node_modules/egg-i18n/app.js",
    "start": 1545543366251,
    "end": 1545543366256,
    "duration": 5,
    "pid": 32008,
    "index": 52
  },
  {
    "name": "Require(44) node_modules/egg-watcher/app.js",
    "start": 1545543366256,
    "end": 1545543366257,
    "duration": 1,
    "pid": 32008,
    "index": 53
  },
  {
    "name": "Require(45) node_modules/egg-schedule/app.js",
    "start": 1545543366258,
    "end": 1545543366258,
    "duration": 0,
    "pid": 32008,
    "index": 54
  },
  {
    "name": "Require(46) node_modules/egg-multipart/app.js",
    "start": 1545543366258,
    "end": 1545543366259,
    "duration": 1,
    "pid": 32008,
    "index": 55
  },
  {
    "name": "Require(47) node_modules/egg-development/app.js",
    "start": 1545543366260,
    "end": 1545543366260,
    "duration": 0,
    "pid": 32008,
    "index": 56
  },
  {
    "name": "Require(48) node_modules/egg-logrotator/app.js",
    "start": 1545543366260,
    "end": 1545543366260,
    "duration": 0,
    "pid": 32008,
    "index": 57
  },
  {
    "name": "Require(49) node_modules/egg-static/app.js",
    "start": 1545543366260,
    "end": 1545543366260,
    "duration": 0,
    "pid": 32008,
    "index": 58
  },
  {
    "name": "Require(50) node_modules/egg-validate/app.js",
    "start": 1545543366260,
    "end": 1545543366261,
    "duration": 1,
    "pid": 32008,
    "index": 59
  },
  {
    "name": "Require(51) node_modules/egg-mysql/app.js",
    "start": 1545543366261,
    "end": 1545543366269,
    "duration": 8,
    "pid": 32008,
    "index": 60
  },
  {
    "name": "Require(52) node_modules/egg-sequelize/app.js",
    "start": 1545543366269,
    "end": 1545543366269,
    "duration": 0,
    "pid": 32008,
    "index": 61
  },
  {
    "name": "Require(53) node_modules/egg-cors/app.js",
    "start": 1545543366269,
    "end": 1545543366269,
    "duration": 0,
    "pid": 32008,
    "index": 62
  },
  {
    "name": "Require(54) app.js",
    "start": 1545543366270,
    "end": 1545543366412,
    "duration": 142,
    "pid": 32008,
    "index": 63
  },
  {
    "name": "Before Start in node_modules/egg-watcher/lib/init.js:15:14",
    "start": 1545543366422,
    "end": 1545543367132,
    "duration": 710,
    "pid": 32008,
    "index": 64
  },
  {
    "name": "Before Start in node_modules/egg-mysql/lib/mysql.js:20:7",
    "start": 1545543366867,
    "end": 1545543367175,
    "duration": 308,
    "pid": 32008,
    "index": 65
  },
  {
    "name": "Load \"Symbol(model)\" to Application",
    "start": 1545543367023,
    "end": 1545543367031,
    "duration": 8,
    "pid": 32008,
    "index": 66
  },
  {
    "name": "Before Start in node_modules/egg-sequelize/lib/loader.js:39:7",
    "start": 1545543367031,
    "end": 1545543367351,
    "duration": 320,
    "pid": 32008,
    "index": 67
  },
  {
    "name": "Before Start in app.js:6:6",
    "start": 1545543367031,
    "end": 1545543367117,
    "duration": 86,
    "pid": 32008,
    "index": 68
  },
  {
    "name": "Load Service",
    "start": 1545543367031,
    "end": 1545543367036,
    "duration": 5,
    "pid": 32008,
    "index": 69
  },
  {
    "name": "Load \"service\" to Context",
    "start": 1545543367032,
    "end": 1545543367036,
    "duration": 4,
    "pid": 32008,
    "index": 70
  },
  {
    "name": "Load Middleware",
    "start": 1545543367036,
    "end": 1545543367073,
    "duration": 37,
    "pid": 32008,
    "index": 71
  },
  {
    "name": "Load \"middlewares\" to Application",
    "start": 1545543367036,
    "end": 1545543367067,
    "duration": 31,
    "pid": 32008,
    "index": 72
  },
  {
    "name": "Load Controller",
    "start": 1545543367073,
    "end": 1545543367075,
    "duration": 2,
    "pid": 32008,
    "index": 73
  },
  {
    "name": "Load \"controller\" to Application",
    "start": 1545543367073,
    "end": 1545543367075,
    "duration": 2,
    "pid": 32008,
    "index": 74
  },
  {
    "name": "Load Router",
    "start": 1545543367075,
    "end": 1545543367077,
    "duration": 2,
    "pid": 32008,
    "index": 75
  },
  {
    "name": "Require(55) app/router.js",
    "start": 1545543367075,
    "end": 1545543367075,
    "duration": 0,
    "pid": 32008,
    "index": 76
  },
  {
    "name": "Before Start in node_modules/egg-core/lib/egg.js:287:10",
    "start": 1545543367075,
    "end": 1545543367095,
    "duration": 20,
    "pid": 32008,
    "index": 77
  }
]