[
  {
    "name": "smart-contracts",
    "methods": [
      "HEAD",
      "GET"
    ],
    "paramNames": [],
    "path": "/api/sc",
    "regexp": "/^\\/api\\/sc(?:\\/(?=$))?$/",
    "stack": [
      "wrappedController"
    ]
  },
  {
    "name": "smart-contracts",
    "methods": [
      "POST"
    ],
    "paramNames": [],
    "path": "/api/sc",
    "regexp": "/^\\/api\\/sc(?:\\/(?=$))?$/",
    "stack": [
      "wrappedController"
    ]
  },
  {
    "name": "smart-contract",
    "methods": [
      "HEAD",
      "GET"
    ],
    "paramNames": [
      {
        "name": "id",
        "prefix": "/",
        "delimiter": "/",
        "optional": false,
        "repeat": false,
        "partial": false,
        "asterisk": false,
        "pattern": "[^\\/]+?"
      }
    ],
    "path": "/api/sc/:id",
    "regexp": "/^\\/api\\/sc\\/((?:[^\\/]+?))(?:\\/(?=$))?$/",
    "stack": [
      "wrappedController"
    ]
  },
  {
    "name": null,
    "methods": [
      "HEAD",
      "GET"
    ],
    "paramNames": [],
    "path": "/api/misc",
    "regexp": "/^\\/api\\/misc(?:\\/(?=$))?$/",
    "stack": [
      "wrappedController"
    ]
  }
]